seed,hidden,top,confidence,correct,p_h0,p_top_vessel,top_vessel_correct
1,False,H0,0.6009781855697807,False,0.6009781855697807,0.29153489490921736,True
2,True,H0,0.555280423679761,True,0.555280423679761,0.21604698592104477,False
3,True,H0,0.6646419040774695,True,0.6646419040774695,0.3080699824034799,False
4,False,H0,0.48856317324332926,False,0.48856317324332926,0.22486360108618367,True
5,False,H0,0.5882002928556639,False,0.5882002928556639,0.20958720187169058,True
6,False,H0,0.5172425658512977,False,0.5172425658512977,0.22057650620816513,True
7,False,H0,0.45053342100751265,False,0.45053342100751265,0.3334240115426944,True
8,False,H0,0.6116794052805511,False,0.6116794052805511,0.20643515766752724,True
9,False,419009002,0.6078716349074967,True,0.3921283650925033,0.6078716349074967,True
10,False,H0,0.43672927561382446,False,0.43672927561382446,0.1704111218246037,True
11,False,H0,0.44870667842107137,False,0.44870667842107137,0.24723825650632666,True
12,False,H0,0.6229085147833614,False,0.6229085147833614,0.19629031423863427,True
13,False,H0,0.42764195747507605,False,0.42764195747507605,0.2327511883789206,True
14,False,H0,0.4724157841691507,False,0.4724157841691507,0.16593484941290493,True
15,False,H0,0.46744812907635636,False,0.46744812907635636,0.21143530688312243,True
16,False,H0,0.5622898932155338,False,0.5622898932155338,0.15119474391440682,True
17,True,H0,0.5970351452745949,True,0.5970351452745949,0.3830150147050245,False
18,False,419018003,0.5796524847761806,True,0.42034751522381936,0.5796524847761806,True
19,True,H0,0.5589950564936049,True,0.5589950564936049,0.3479031725444654,False
20,True,H0,0.5552965137809892,True,0.5552965137809892,0.44470348621901074,False
21,False,H0,0.41129495175755015,False,0.41129495175755015,0.20861915311778084,True
22,False,H0,0.4442763419986589,False,0.4442763419986589,0.28054752740268474,True
23,False,H0,0.46122670513029423,False,0.46122670513029423,0.21091752957177734,True
24,True,H0,0.6358356395519202,True,0.6358356395519202,0.36416436044807976,False
25,False,H0,0.5051902558948344,False,0.5051902558948344,0.35161259140771106,True
26,False,H0,0.5609861018320083,False,0.5609861018320083,0.17317033327741135,False
27,False,H0,0.4910303409270328,False,0.4910303409270328,0.20004896110343737,True
28,False,H0,0.604713335458755,False,0.604713335458755,0.3421259318500635,True
29,True,H0,0.9918075215843659,True,0.9918075215843659,0.008192478415634082,False
30,False,H0,0.5464943241808107,False,0.5464943241808107,0.2890920007997885,True
31,False,H0,0.49815546592209675,False,0.49815546592209675,0.25087969671602217,True
32,True,419032001,0.6280705820040047,False,0.3719294179959953,0.6280705820040047,False
33,True,H0,0.7630641090376961,True,0.7630641090376961,0.23693589096230389,False
34,True,H0,0.5282332236674406,True,0.5282332236674406,0.2505159007854357,False
35,False,H0,0.6234847276161458,False,0.6234847276161458,0.340174515718342,True
36,True,H0,0.5282762065825672,True,0.5282762065825672,0.24146413504704886,False
37,False,419037004,0.5645174134206349,True,0.435482586579365,0.5645174134206349,True
38,False,H0,0.5435571581305497,False,0.5435571581305497,0.17243607084238424,False
39,True,H0,0.6328839123321727,True,0.6328839123321727,0.19066977351914816,False
40,False,H0,0.4502586172723997,False,0.4502586172723997,0.20625046646301115,True
41,True,H0,0.6436792425491269,True,0.6436792425491269,0.15891189369962727,False
42,False,H0,0.5375009949240749,False,0.5375009949240749,0.26634952019100566,True
43,False,H0,0.5963227578916446,False,0.5963227578916446,0.25784917192800166,True
44,False,H0,0.519553804478238,False,0.519553804478238,0.16555971084645266,True
45,False,H0,0.5509569442002293,False,0.5509569442002293,0.4164367299548401,True
46,False,419046004,0.4036022506661629,True,0.3637869435834043,0.4036022506661629,True
47,False,H0,0.6102531701868361,False,0.6102531701868361,0.2081991327398783,True
48,True,H0,0.5282952236107097,True,0.5282952236107097,0.24001669822960295,False
49,False,H0,0.5926657185938753,False,0.5926657185938753,0.31340446298851976,True
50,False,H0,0.6228993791772259,False,0.6228993791772259,0.2658896005781942,True
51,False,H0,0.5560490013732695,False,0.5560490013732695,0.17096694152226738,True
52,False,H0,0.5705196552409981,False,0.5705196552409981,0.13517444578941623,True
53,False,H0,0.4858472549913835,False,0.4858472549913835,0.24935180882042804,True
54,False,H0,0.4795621473946702,False,0.4795621473946702,0.19631866088336827,True
55,False,H0,0.5848097324936493,False,0.5848097324936493,0.20175979146255082,True
56,False,H0,0.5253411021443471,False,0.5253411021443471,0.2067700889658248,True
57,False,H0,0.4533969546590891,False,0.4533969546590891,0.25571615119914176,True
58,False,H0,0.5248874666475565,False,0.5248874666475565,0.21528951317632378,True
59,False,H0,0.5040067166017642,False,0.5040067166017642,0.2390663732124259,True
60,True,419060004,0.527223296715275,False,0.472776703284725,0.527223296715275,False
61,False,H0,0.5909185051449948,False,0.5909185051449948,0.19271523465919674,True
62,False,H0,0.3531973224514743,False,0.3531973224514743,0.2885838169917255,True
63,True,H0,0.6927258253782936,True,0.6927258253782936,0.2707460951079862,False
64,True,H0,0.5705504896456337,True,0.5705504896456337,0.24786643212924303,False
65,False,H0,0.46152308620316096,False,0.46152308620316096,0.32492609158209146,True
66,True,H0,0.4629022121300273,True,0.4629022121300273,0.2813846163058197,False
67,False,H0,0.5592394760781267,False,0.5592394760781267,0.2880791149814447,True
68,False,H0,0.5918913628479716,False,0.5918913628479716,0.19797916435843654,True
69,False,H0,0.5082654579301115,False,0.5082654579301115,0.20603642951741116,True
70,False,H0,0.6144181756706468,False,0.6144181756706468,0.28414942343432703,True
71,False,H0,0.5923189255677782,False,0.5923189255677782,0.21044892224607084,True
72,False,H0,0.59957569220556,False,0.59957569220556,0.1632683032784104,True
73,False,H0,0.47035675277862365,False,0.47035675277862365,0.20448531548604493,True
74,True,H0,0.8675204443479979,True,0.8675204443479979,0.09943987991975439,False
75,False,H0,0.5386664973264799,False,0.5386664973264799,0.27159773273048904,True
76,True,H0,0.5781424215129395,True,0.5781424215129395,0.19954916531299965,False
77,False,H0,0.5740126121638077,False,0.5740126121638077,0.13966365406652695,True
78,False,H0,0.5134575178516075,False,0.5134575178516075,0.18118718679105017,True
79,False,H0,0.7204521914946613,False,0.7204521914946613,0.18108680297321053,True
80,False,H0,0.5008098311313012,False,0.5008098311313012,0.17259674162854974,False
81,False,H0,0.5685115012297719,False,0.5685115012297719,0.1783366326488414,True
82,False,H0,0.520866322169308,False,0.520866322169308,0.4134988449239648,True
83,False,H0,0.49410796623087605,False,0.49410796623087605,0.2223092666247869,True
84,True,H0,0.6611706252686863,True,0.6611706252686863,0.21192986113673892,False
85,False,H0,0.5712321825300818,False,0.5712321825300818,0.2111785086516838,True
86,False,H0,0.5707042020496439,False,0.5707042020496439,0.24459345025186696,True
87,True,H0,0.6095564039790481,True,0.6095564039790481,0.1711278990593026,False
88,False,H0,0.4547560821054279,False,0.4547560821054279,0.23460271043054245,True
89,False,419089002,0.5582134454359727,True,0.4417865545640272,0.5582134454359727,True
90,True,H0,0.543695955993458,True,0.543695955993458,0.19201021883114916,False
91,True,H0,0.701661615545285,True,0.701661615545285,0.2824399144494864,False
92,True,H0,0.6608992282471733,True,0.6608992282471733,0.1172618840246527,False
93,False,H0,0.5199171896703946,False,0.5199171896703946,0.17144911179954458,True
94,True,H0,0.484910022879666,True,0.484910022879666,0.17805689385925463,False
95,False,H0,0.6429146202153275,False,0.6429146202153275,0.2717828946412885,True
96,True,H0,1.0,True,1.0,0.0,False
97,False,H0,0.5657711629695734,False,0.5657711629695734,0.40526352162506696,True
98,False,H0,0.46326024948789934,False,0.46326024948789934,0.1786928246519484,False
99,False,H0,0.5956584284275132,False,0.5956584284275132,0.27022029648922685,True
100,False,H0,0.4620335253917112,False,0.4620335253917112,0.25830021593276414,True
101,False,H0,0.4931414474562995,False,0.4931414474562995,0.47499834181001277,True
102,True,H0,0.6190546764305137,True,0.6190546764305137,0.18664259661698243,False
103,False,H0,0.5188679587149309,False,0.5188679587149309,0.19695361125826766,True
104,False,H0,0.6312825429881611,False,0.6312825429881611,0.30810434612582027,True
105,True,H0,1.0,True,1.0,0.0,False
106,False,H0,0.548618892432553,False,0.548618892432553,0.16343416641547204,True
107,False,H0,0.5069271786612589,False,0.5069271786612589,0.19498560070911705,True
108,True,H0,0.6215146035847449,True,0.6215146035847449,0.16868707789696408,False
109,True,H0,0.5723291110340943,True,0.5723291110340943,0.19706324830629182,False
110,False,H0,0.5888045761768176,False,0.5888045761768176,0.34124646720569873,True
111,False,H0,0.6210171928033255,False,0.6210171928033255,0.327265963012392,True
112,False,H0,0.42705759921726233,False,0.42705759921726233,0.30102740163810215,True
113,False,H0,0.5006371430687783,False,0.5006371430687783,0.2291164048146438,True
114,False,H0,0.5131030183836267,False,0.5131030183836267,0.19886818210014925,True
115,False,H0,0.5836647690010984,False,0.5836647690010984,0.245001557432404,True
116,False,H0,0.5562997876011585,False,0.5562997876011585,0.14659804904367701,True
117,False,419117003,0.5693964262310882,True,0.4306035737689118,0.5693964262310882,True
118,True,H0,0.5081303179997244,True,0.5081303179997244,0.4918696820002756,False
119,True,H0,0.4655631384080883,True,0.4655631384080883,0.29688372602442853,False
120,True,H0,0.5947432143962411,True,0.5947432143962411,0.16083785684525886,False
121,False,H0,0.527510554088507,False,0.527510554088507,0.17070914856972308,True
122,True,H0,0.5382083196438489,True,0.5382083196438489,0.4617916803561511,False
123,False,H0,0.6931099766464599,False,0.6931099766464599,0.2323641340128309,True
124,True,H0,0.5845187327840812,True,0.5845187327840812,0.4154812672159188,False
125,False,H0,0.48823648099613887,False,0.48823648099613887,0.1601878684300521,True
126,True,H0,0.5865308007339923,True,0.5865308007339923,0.20964149344859836,False
127,False,H0,0.5112106401533215,False,0.5112106401533215,0.2668878901051204,True
128,True,H0,0.620995650170673,True,0.620995650170673,0.19217879349234385,False
129,False,H0,0.560508860308801,False,0.560508860308801,0.18236663528806116,False
130,False,H0,0.45045404912600817,False,0.45045404912600817,0.21956028186785953,True
131,True,H0,0.6510642793073907,True,0.6510642793073907,0.22629822102922162,False
132,True,H0,0.6614220160047374,True,0.6614220160047374,0.2579957516150313,False
133,False,H0,0.4160293679159263,False,0.4160293679159263,0.22455163976999326,False
134,False,H0,0.5244171557114621,False,0.5244171557114621,0.29999459491292246,True
135,False,419135002,0.5623233183267166,True,0.4376766816732835,0.5623233183267166,True
136,False,H0,0.5901601410973466,False,0.5901601410973466,0.3925451266829796,True
137,False,H0,0.452111463736678,False,0.452111463736678,0.3022123059385938,True
138,False,H0,0.49283716141611583,False,0.49283716141611583,0.1592697525092734,False
139,False,419139003,0.5801451693698341,True,0.41985483063016604,0.5801451693698341,True
140,False,H0,0.5579642841363944,False,0.5579642841363944,0.15276017102744102,True
141,True,H0,0.5378180860968738,True,0.5378180860968738,0.18553257916146726,False
142,True,H0,0.5827976920688256,True,0.5827976920688256,0.1943399238628462,False
143,False,H0,0.5416782691718932,False,0.5416782691718932,0.24316488931065472,True
144,False,H0,0.41296951973823176,False,0.41296951973823176,0.23919802700555573,False
145,False,H0,0.5371779666824613,False,0.5371779666824613,0.14692350589261266,True
146,False,H0,0.5719868598277131,False,0.5719868598277131,0.25818160679850366,True
147,True,H0,0.5650891583427197,True,0.5650891583427197,0.23905645154528507,False
148,False,H0,0.5448912487821858,False,0.5448912487821858,0.4038552902548779,True
149,False,H0,0.6470838135568584,False,0.6470838135568584,0.2163316498994209,True
150,False,H0,0.5048399928595823,False,0.5048399928595823,0.23234976459571513,True
151,False,H0,0.4591325485731315,False,0.4591325485731315,0.23711908863534126,True
152,False,H0,0.41885114516981165,False,0.41885114516981165,0.3475439799213373,True
153,False,H0,0.5465845855622712,False,0.5465845855622712,0.20535941278353556,True
154,True,H0,0.5195695503763802,True,0.5195695503763802,0.1912552584821595,False
155,True,H0,0.7157163325996401,True,0.7157163325996401,0.17241667488598347,False
156,True,H0,0.7406888169524458,True,0.7406888169524458,0.13036608297930222,False
157,True,H0,0.5673837130401576,True,0.5673837130401576,0.26166096369290953,False
158,True,H0,0.5864025202107356,True,0.5864025202107356,0.3292048064775451,False
159,False,H0,0.4814598953666147,False,0.4814598953666147,0.1955012168111201,True
160,False,H0,0.5249888853890525,False,0.5249888853890525,0.20797276873058915,False
161,False,H0,0.53181394241357,False,0.53181394241357,0.15713315825673943,True
162,False,H0,0.5031411029758929,False,0.5031411029758929,0.22079156683461845,True
163,False,H0,0.47563855006168604,False,0.47563855006168604,0.2885887599989433,True
164,False,H0,0.4716425482932748,False,0.4716425482932748,0.2937330946677438,True
165,False,H0,0.5320687701574,False,0.5320687701574,0.1622655663870885,True
166,False,H0,0.43922089004820863,False,0.43922089004820863,0.14261718161739337,False
167,True,H0,0.8497952248455376,True,0.8497952248455376,0.1318631445102949,False
168,False,H0,0.6090672334414724,False,0.6090672334414724,0.20913097942151024,True
169,True,H0,0.6777347253238816,True,0.6777347253238816,0.29784538347562345,False
170,False,H0,0.5393655243972018,False,0.5393655243972018,0.25172986046393986,True
171,False,419171002,0.6223804300078574,True,0.3776195699921426,0.6223804300078574,True
172,False,H0,0.5399945995199869,False,0.5399945995199869,0.2591984002785,True
173,False,H0,0.6230018885659423,False,0.6230018885659423,0.16328133797177258,True
174,True,H0,0.6925443590173641,True,0.6925443590173641,0.20132426754741664,False
175,False,H0,0.4774261869114627,False,0.4774261869114627,0.1627755812320912,True
176,False,H0,0.3949820507985196,False,0.3949820507985196,0.3590496476093124,True
177,True,419177004,0.5313864394072985,False,0.4686135605927014,0.5313864394072985,False
178,False,H0,0.5723790497732109,False,0.5723790497732109,0.1970959877077253,True
179,False,H0,0.4961721288637044,False,0.4961721288637044,0.35392963025727964,True
180,False,H0,0.5117815203983399,False,0.5117815203983399,0.4597213998957442,True
181,True,419181002,0.6393723717568355,False,0.36062762824316447,0.6393723717568355,False
182,False,H0,0.48136448121622083,False,0.48136448121622083,0.2102318465645143,True
183,False,H0,0.6130249447973176,False,0.6130249447973176,0.24877620889894903,True
184,True,H0,0.5144833000736581,True,0.5144833000736581,0.24197767985799168,False
185,True,H0,0.7207689286662038,True,0.7207689286662038,0.10641432002916146,False
186,False,H0,0.5257759209142205,False,0.5257759209142205,0.4009628342169393,True
187,True,H0,0.8572815006056093,True,0.8572815006056093,0.06805008944003796,False
188,True,H0,0.5440802106305334,True,0.5440802106305334,0.2470661886548949,False
189,True,H0,0.5056564727799333,True,0.5056564727799333,0.14304100186822882,False
190,False,H0,0.6780563879295103,False,0.6780563879295103,0.29572584729575235,True
191,False,H0,0.5216474059353617,False,0.5216474059353617,0.13846713125054072,True
192,False,H0,0.405450726931583,False,0.405450726931583,0.17895735741478322,False
193,False,H0,0.49716664858930376,False,0.49716664858930376,0.43358119165891573,True
194,False,H0,0.5519072742906139,False,0.5519072742906139,0.22209490633544696,True
195,False,H0,0.5425699075299403,False,0.5425699075299403,0.24854656289909294,True
196,True,H0,0.3778564594111207,True,0.3778564594111207,0.35544413905482836,False
197,False,H0,0.5881812801548914,False,0.5881812801548914,0.20970492682463454,True
198,True,H0,0.6040471365351521,True,0.6040471365351521,0.39595286346484787,False
199,False,H0,0.43499833813647476,False,0.43499833813647476,0.39905417978014307,True
200,False,H0,0.6095625825624621,False,0.6095625825624621,0.30558722027143376,True
